itemcode,itemname,MainCategory,MiddleCategory,SubCategory
128671,양배추영양식단,아모레 정기식단,바이탈식단,바이탈식단
131871,탄두리샐러드,아모레 정기식단,뷰티식단,뷰티식단
139247,코코넛쉬림프샐러드,아모레 정기식단,뷰티식단,뷰티식단
149207,리코타병아리콩샐러드,아모레 정기식단,뷰티식단,뷰티식단
151148,귀리캐슈넛샐러드,아모레 정기식단,뷰티식단,뷰티식단
153040,꾸지뽕식단,아모레 정기식단,미당식단,미당식단
221094,건강한 자장소스,건강마켓,건강반찬,스페셜
221097,발효의힘 청국장 세트,케어식단,웰니스식단,웰니스식단
221098,로제소스 버섯 닭볶음 세트,케어식단,웰니스식단,웰니스식단
221101,컬러파워식단,아모레 정기식단,바이탈식단,바이탈식단
221102,오리 향채소 불고기 세트,케어식단,저당식단,저당식단
223583,멕시칸 타코 샐러드 세트,케어식단,라이트식단,라이트식단
223584,문어 카르파쵸 샐러드 세트,케어식단,라이트식단,라이트식단
225141,멕시칸타코샐러드,아모레 정기식단,뷰티식단,뷰티식단
225146,포두부 새우 샐러드 세트,케어식단,라이트식단,라이트식단
331003,구운버섯&새우샐러드,아모레 정기식단,뷰티식단,뷰티식단
331006,통밀 돈까스,건강마켓,건강반찬,스페셜
333866,송화버섯 낙지볶음,건강마켓,건강반찬,메인요리
333869,닭다리살구이,건강마켓,건강반찬,메인요리
340534,방풍나물&고구마 스프 (1인분),건강마켓,죽/스프,스프
340537,토마토 견과 카레소스,건강마켓,건강반찬,스페셜
343935,봄나물 오리볶음,건강마켓,건강반찬,메인요리
344698,검은콩 캐슈넛 닭볶음 세트,케어식단,저당식단,저당식단
345834,햄프씨드 연어구이 샐러드,건강마켓,샐러드,페스코/비건
346652,해초 전복죽 (1인분),건강마켓,죽/스프,죽
346665,황태 귀리죽 (1인분),건강마켓,죽/스프,죽
347791,소고기 다시마채 장조림,건강마켓,건강반찬,밑반찬
349330,해초식단,아모레 정기식단,미당식단,미당식단
349332,비트 무화과 타히니 샐러드,건강마켓,샐러드,350k
349381,부드러운 닭가슴살 콥 샐러드,건강마켓,샐러드,단백질
349386,문어 카르파쵸 샐러드,건강마켓,샐러드,페스코/비건
349740,인도식 견과 커리 세트,케어식단,저당식단,저당식단
352110,당귀 제육볶음 세트,케어식단,저당식단,저당식단
352364,지중해식 가자미구이 세트 ,케어식단,저당식단,저당식단
352415,영양부추 잡채,건강마켓,건강반찬,메인요리
355810,용안육 백태콩조림,건강마켓,건강반찬,밑반찬
357068,버섯 소불고기 쌈 세트,케어식단,웰니스식단,웰니스식단
358881,오삼불고기,건강마켓,건강반찬,밑반찬
369066,용안육 건오징어조림,건강마켓,건강반찬,밑반찬
369072,유근피 녹두 삼계죽 (1인분),건강마켓,죽/스프,죽
369105,유부 유산슬 세트,케어식단,웰니스식단,웰니스식단
369918,비트 생깻잎지,건강마켓,건강반찬,밑반찬
371267,리코타 허브감자 샐러드,건강마켓,샐러드,350k
372893,스파이시 쉬림프 샐러드,건강마켓,샐러드,단백질
373342,가쓰오 계란장조림,건강마켓,건강반찬,밑반찬
374689,낙지 김치죽 (1인분),건강마켓,죽/스프,죽
374775,닭가슴살 콥샐러드 세트,케어식단,라이트식단,라이트식단
375018,통밀 간장 닭강정,건강마켓,건강반찬,스페셜
375800,고사리 소불고기 숙쌈 세트,케어식단,저당식단,저당식단
376020,씨푸드 레몬 샐러드,건강마켓,샐러드,350k
376773,돼지감자 장아찌,건강마켓,건강반찬,밑반찬
380654,콜리플라워 치즈그라탕,건강마켓,건강반찬,스페셜
380671,흑미 시트러스 샐러드 세트,케어식단,라이트식단,라이트식단
380676,오리 향채소 불고기 세트,케어식단,웰니스식단,웰니스식단
380726,은이버섯 오리주물럭 세트,케어식단,웰니스식단,웰니스식단
380934,구운채소 곡물 샐러드 세트,케어식단,라이트식단,라이트식단
380960,꾸지뽕 닭볶음 세트,케어식단,웰니스식단,웰니스식단
381157,버터구이 오징어 샐러드 세트,케어식단,라이트식단,라이트식단
383305,미트 토마토 파스타,건강마켓,건강반찬,스페셜
383788,모둠 해초볶음,건강마켓,건강반찬,밑반찬
384074,미역&조갯살 스프 (1인분),건강마켓,죽/스프,스프
384426,탄두리 닭살 샐러드 세트,케어식단,라이트식단,라이트식단
384503,버섯 아보카도 샐러드 세트,케어식단,라이트식단,라이트식단
384505,송화버섯 낙지볶음 세트,케어식단,웰니스식단,웰니스식단
384508,죽순 생강 소불고기 세트,케어식단,웰니스식단,웰니스식단
384706,커리 치킨 샐러드,건강마켓,샐러드,단백질
384888,소고기 숙주 부추볶음,건강마켓,건강반찬,메인요리
385575,닭살 스테이크 샐러드 세트,케어식단,라이트식단,라이트식단
385717,진피 레몬 드레싱,건강마켓,소스/소금,드레싱
386937,구기자 간장 소스,건강마켓,소스/소금,장류
387111,코코넛 새우 샐러드 세트,케어식단,라이트식단,라이트식단
387126,리코타치즈 샐러드 세트,케어식단,라이트식단,라이트식단
387415,쿠스쿠스 곡물 샐러드 세트,케어식단,라이트식단,라이트식단
387766,노루궁뎅이버섯 스프 (1인분),건강마켓,죽/스프,스프
387780,발사믹 비네거 드레싱 ,건강마켓,소스/소금,드레싱
387790,버섯 불고기 샐러드 세트,케어식단,라이트식단,라이트식단
387802,애호박 아마란스 새우볶음 ,건강마켓,건강반찬,밑반찬
387811,녹두부침개,건강마켓,건강반찬,스페셜
388157,우엉 고기완자,건강마켓,건강반찬,밑반찬
388168,연자육 삼채 소불고기 세트,케어식단,웰니스식단,웰니스식단
388473,스위트 바나나 드레싱,건강마켓,소스/소금,드레싱
388477,궁중 곤약 탕평채,건강마켓,건강반찬,밑반찬
389261,스페인 세비체 샐러드 세트,케어식단,라이트식단,라이트식단
390307,오리주물럭 쌈 세트 ,케어식단,웰니스식단,웰니스식단
390524,모둠버섯 치킨 샐러드 세트,케어식단,라이트식단,라이트식단
390529,모링가 돼지 된장찜 세트,케어식단,웰니스식단,웰니스식단
390949, 아보카도&케일 스무디,건강마켓,스무디/음료,
390973,새우 아보카도 샐러드 세트,케어식단,라이트식단,라이트식단
391763,모짜렐라 루꼴라 샐러드 세트,케어식단,라이트식단,라이트식단
393505,미강 돼지 배추볶음 세트,케어식단,웰니스식단,웰니스식단
393589,구운 가자미 라타투이 세트,케어식단,저당식단,저당식단
394337,소고기 죽순 생강볶음 세트,케어식단,저당식단,저당식단
395162,당귀 주꾸미볶음 세트,케어식단,저당식단,저당식단
395639,아스파라거스 돼지불고기 세트,케어식단,저당식단,저당식단
396244,건강한 자장소스 세트,케어식단,웰니스식단,웰니스식단
398391,연자육 마라샹궈 세트,케어식단,저당식단,저당식단
398430,당귀 닭볶음 세트,케어식단,저당식단,저당식단
398436,시래기 돼지찜 세트,케어식단,저당식단,저당식단
400622,구운버섯&새우샐러드 세트,케어식단,라이트식단,라이트식단
409397,올리브 닭살 샐러드 세트,케어식단,라이트식단,라이트식단
411750,흑미 시트러스 샐러드,건강마켓,샐러드,페스코/비건
412310,청국장 소스 삼치구이 세트,케어식단,웰니스식단,웰니스식단
413285,꾸지뽕 갈치 조림 세트,케어식단,웰니스식단,웰니스식단
413969,햄프씨드 연어 샐러드 세트,케어식단,라이트식단,라이트식단
413979,소고기 샤브 샐러드 세트,케어식단,라이트식단,라이트식단
414073,시래기 돼지찜 세트,케어식단,웰니스식단,웰니스식단
414094,삼채 버섯볶음 세트,케어식단,웰니스식단,웰니스식단
414203,과카몰리 새우 샐러드 세트,케어식단,라이트식단,라이트식단
414255,구운채소 곡물 샐러드,건강마켓,샐러드,웨이트
414263,컬러파워 토마토카레 세트,케어식단,웰니스식단,웰니스식단
414319,연자육 소불고기 세트,케어식단,저당식단,저당식단
414544,매운 돼지고기찜 세트 ,케어식단,저당식단,저당식단
415008,모둠버섯 소불고기 쌈 세트,케어식단,저당식단,저당식단
415169,이탈리아식 닭볶음 세트 ,케어식단,저당식단,저당식단
415189,인도식 치킨커리 세트 ,케어식단,웰니스식단,웰니스식단
420112,콜라비 비트 무생채,건강마켓,건강반찬,밑반찬
420314,모짜렐라 루꼴라 샐러드,건강마켓,샐러드,350k
420422,더 부드러운 소갈비찜,건강마켓,연화식,연화식
420425,들깨 시래기나물,건강마켓,건강반찬,밑반찬
420777,시트러스 잡채 세트,케어식단,저당식단,저당식단
421146,십자화과채소 불고기 세트,케어식단,저당식단,저당식단
421183,송화버섯 낙지볶음 세트,케어식단,저당식단,저당식단
421940,뿌리채소 가자미구이 세트,케어식단,웰니스식단,웰니스식단
421942,강황 닭갈비 (2인분),건강마켓,건강반찬,밑반찬
423378,버터 진미채볶음 ,건강마켓,건강반찬,밑반찬
423515,오리주물럭 쌈 세트 ,케어식단,웰니스식단,MY
423536,버섯 불고기 샐러드 세트,케어식단,라이트식단,MY
424008,버섯 마늘 찜닭 세트,케어식단,저당식단,저당식단
424127,닭살 스테이크 샐러드 세트,케어식단,라이트식단,MY
426409,소고기 곤드레나물볶음 ,건강마켓,건강반찬,밑반찬
500753,아스파라거스 불고기 세트,케어식단,웰니스식단,웰니스식단
501958,아마란스 진미채무침 ,건강마켓,건강반찬,밑반찬
502713,해산물 토마토 볶음 세트,케어식단,저당식단,MY
503247,두부 팔보채 세트,케어식단,웰니스식단,웰니스식단
503870,연어구이,건강마켓,건강반찬,메인요리
506469,단호박&파프리카 스무디,건강마켓,스무디/음료,스무디
507388, 아보카도&케일 스무디,건강마켓,스무디/음료,스무디
508381,[1Table] 한우 잡채볶음밥,건강마켓,밥/국,밥
508960,[1Table] 화식한우 사골곰국,건강마켓,밥/국,국
508987,해산물 토마토볶음 세트 ,케어식단,웰니스식단,웰니스식단
509457,문어 카르파쵸 샐러드 세트,케어식단,라이트식단,MY
511476,시래기 돼지찜 세트,케어식단,웰니스식단,MY
511732,아스파라거스 불고기 세트,케어식단,웰니스식단,MY
512897,뿌리채소 한우사태찜,건강마켓,연화식,연화식
512913,삼채 버섯볶음&두부구이,건강마켓,건강반찬,밑반찬
513132,[1Table] 한우 육개장,건강마켓,밥/국,국
513745,효도 패키지,건강마켓,스페셜 패키지,
515823,연자육 마라샹궈 세트,케어식단,저당식단,MY
516336,건강한 자장소스 세트,케어식단,웰니스식단,MY
516644,멸치 아몬드볶음,건강마켓,건강반찬,밑반찬
517865,야관문 코다리조림 세트,케어식단,저당식단,저당식단
518675,비트레드샐러드,아모레 정기식단,뷰티식단,뷰티식단
519491,과카몰리샐러드,아모레 정기식단,뷰티식단,뷰티식단
519510,비트&베리 스무디,건강마켓,스무디/음료,스무디
519563,비트&베리 스무디,건강마켓,스무디/음료,
520176,[1Table] 한우 나주곰탕,건강마켓,밥/국,국
521163,단호박&파프리카 스무디,건강마켓,스무디/음료,
521359,패밀리 패키지,건강마켓,스페셜 패키지,스페셜 패키지
521782,양배추&우엉 스무디,건강마켓,스무디/음료,스무디
521825,모짜렐라쿠스쿠스샐러드,아모레 정기식단,뷰티식단,뷰티식단
522434,목이버섯 대구찜 세트,케어식단,웰니스식단,웰니스식단
523028,혼밥 패키지,건강마켓,스페셜 패키지,스페셜 패키지
525020,가지 고구마순 돼지찜 세트,케어식단,저당식단,저당식단
526037,[1Table] 모짜렐라 김치 서울만두,건강마켓,1Table,
526063,배추 불고기 샐러드 세트,케어식단,라이트식단,MY
527132,고추잡채 덮밥 소스 세트 ,케어식단,웰니스식단,MY
527290,미강 돼지 배추볶음 세트,케어식단,웰니스식단,MY
529171,[1Table] 갈비 낙지 볶음밥,건강마켓,1Table,1Table
529343,[1Table] 존쿡 델리미트 부대찌개,건강마켓,1Table,1Table
529567,[1Table] 부지깽이 나물밥,건강마켓,밥/국,밥
529603,연자육 삼채 소불고기 세트,케어식단,웰니스식단,MY
529674,두부 팔보채 세트,케어식단,웰니스식단,MY
530452,구운감자 주꾸미 샐러드 세트,케어식단,라이트식단,MY
532504,매콤 주꾸미볶음 세트 ,케어식단,웰니스식단,MY
533182,검은콩&가지 스무디,건강마켓,스무디/음료,스무디
534928,오리 향채소 불고기 세트,케어식단,저당식단,MY
535507,고추잡채 덮밥 소스 세트 ,케어식단,웰니스식단,웰니스식단
535916,매콤 주꾸미볶음 세트 ,케어식단,웰니스식단,웰니스식단
536299,버섯 소불고기 쌈 세트,케어식단,웰니스식단,MY
537653,[1Table] 제주 흑돼지 갈비만두,건강마켓,1Table,
538129,진피 고추기름,건강마켓,소스/소금,오일
538734,오리 향채소 불고기 세트,케어식단,웰니스식단,MY
539654,아스파라거스 돼지불고기 세트,케어식단,저당식단,MY
539853,모둠버섯 소불고기 쌈 세트,케어식단,저당식단,MY
540257,십자화과채소 불고기 세트,케어식단,웰니스식단,웰니스식단
541618,송화버섯 낙지볶음 세트,케어식단,웰니스식단,MY
542560,꾸지뽕 닭볶음 세트,케어식단,웰니스식단,MY
543214,소고기 죽순 생강볶음 세트,케어식단,저당식단,MY
544697,커플 패키지,건강마켓,스페셜 패키지,스페셜 패키지
546875,강황 닭갈비 (2인분),건강마켓,건강반찬,메인요리
548061,로제소스 버섯 닭볶음 세트,케어식단,웰니스식단,MY
548674,청국장 소스 삼치구이 세트,케어식단,웰니스식단,MY
549832,코코넛 새우 샐러드 세트,케어식단,라이트식단,MY
549897,분짜 샐러드 세트,케어식단,라이트식단,라이트식단
551169,부드러운 멸치 견과볶음 ,건강마켓,건강반찬,밑반찬
552120,[1Table] 양구 시래기밥,건강마켓,1Table,1Table
553130,[1Table] 한우 잡채볶음밥,건강마켓,1Table,1Table
553211,꾸지뽕 갈치 조림 세트,케어식단,웰니스식단,MY
553795,인도식 치킨커리 세트 ,케어식단,웰니스식단,MY
554544,고사리 소불고기 숙쌈 세트,케어식단,저당식단,MY
554810,야관문 코다리조림 세트,케어식단,저당식단,MY
554907,[1Table] 한우 육개장,건강마켓,1Table,1Table
556473,당귀 유채유,건강마켓,소스/소금,오일
558747,[1Table] 한우 나주곰탕,건강마켓,1Table,1Table
558801,[1Table] 장조림 버터 볶음밥,건강마켓,밥/국,밥
559136,버섯 마늘 찜닭 세트,케어식단,저당식단,MY
559333,당귀 제육볶음 세트,케어식단,저당식단,MY
559402,구운감자 주꾸미 샐러드 세트,케어식단,라이트식단,라이트식단
561422,구운채소 곡물 샐러드 세트,케어식단,라이트식단,MY
562753,유부 유산슬 세트,케어식단,웰니스식단,MY
563065,두부찹스테이크 세트,케어식단,웰니스식단,웰니스식단
563115,[1Table] 와규 함박스테이크,건강마켓,1Table,
563128,[1Table] 존쿡 델리미트 핫도그 ,건강마켓,1Table,
563148,뿌리채소 한우갈비찜,건강마켓,연화식,연화식
563253,쿠스쿠스 강황 감자채볶음 ,건강마켓,건강반찬,밑반찬
564525,스페인 세비체 샐러드 세트,케어식단,라이트식단,MY
564527,해산물 지중해샐러드 세트,케어식단,라이트식단,라이트식단
564734,고수가득 분짜 샐러드,건강마켓,샐러드,단백질
564760,주꾸미 감자 샐러드 세트,케어식단,라이트식단,라이트식단
564860,[1Table] 냉이 된장찌개,건강마켓,밥/국,국
565100,[vezzly] 쌀조청 롤케이크,건강마켓,베이커리,빵
566034,[vezzly] 까사테라,건강마켓,베이커리,빵
566275,입에서 녹는 동파육,건강마켓,연화식,연화식
566544,[1Table] 와규 함박스테이크,건강마켓,1Table,1Table
566763,멕시칸 타코 샐러드 세트,케어식단,라이트식단,MY
566802,[에쉬레] 무염버터 포션,건강마켓,베이커리,잼/버터/치즈
567648,해산물 미나리볶음 세트,케어식단,저당식단,MY
567655,지중해식 가자미구이 세트 ,케어식단,저당식단,MY
567959,효도 패키지,건강마켓,스페셜 패키지,스페셜 패키지
568281,[vezzly] 황금식빵,건강마켓,베이커리,빵
569360,[vezzly] 미미 카스테라,건강마켓,베이커리,빵
569442,당귀 주꾸미볶음 세트,케어식단,저당식단,MY
570245,[vezzly] 비건식빵,건강마켓,베이커리,빵
570643,목이버섯 대구찜 세트,케어식단,웰니스식단,MY
571167,꾸지뽕 닭볶음 세트,케어식단,저당식단,저당식단
574700,해산물 토마토 볶음 세트,케어식단,저당식단,저당식단
576309,[1Table] 존쿡 델리미트 핫도그 ,건강마켓,1Table,1Table
576385,[1Table] 제주 흑돼지 갈비만두,건강마켓,1Table,1Table
576938,은이버섯 오리주물럭 세트,케어식단,웰니스식단,MY
577365,소고기 샤브 샐러드 세트,케어식단,라이트식단,MY
578044,미나리 주꾸미볶음 ,건강마켓,건강반찬,메인요리
578456,탄두리 닭살 샐러드 세트,케어식단,라이트식단,MY
578673,[도디] 화이트 발사믹 비네거,건강마켓,베이커리,오일/발사믹
578899,버터구이 오징어 샐러드 세트,케어식단,라이트식단,MY
581070,닭가슴살 콥샐러드 세트,케어식단,라이트식단,MY
581188,가지 고구마순 돼지찜 세트,케어식단,저당식단,MY
581890,햄프씨드 연어 샐러드 세트,케어식단,라이트식단,MY
582242,인도식 견과 커리 세트,케어식단,저당식단,MY
582755,분짜 샐러드 세트,케어식단,라이트식단,MY
582775,버섯 아보카도 샐러드 세트,케어식단,라이트식단,MY
583962,흑미 시트러스 샐러드 세트,케어식단,라이트식단,MY
584304,꾸지뽕 닭볶음 세트,케어식단,저당식단,MY
585073,시래기 돼지찜 세트,케어식단,저당식단,MY
585127,해산물 미나리볶음 세트,케어식단,저당식단,저당식단
585261,[1Table] 한우 쇠고기 미역국,건강마켓,1Table,1Table
585477,배추 불고기 샐러드 세트,케어식단,라이트식단,라이트식단
586244,해산물 토마토볶음 세트 ,케어식단,웰니스식단,MY
587024,미나리 주꾸미볶음 ,건강마켓,건강반찬,밑반찬
587221,[1Table] 담양 죽순밥,건강마켓,밥/국,밥
587229,[vezzly] 흑마늘식빵,건강마켓,베이커리,빵
587369,미나리잡채,건강마켓,건강반찬,밑반찬
587520,구운 가자미 라타투이 세트,케어식단,저당식단,MY
589054,[1Table] 존쿡 델리미트 크리스피 빅 핫도그 ,건강마켓,1Table,1Table
589258,연자육 소불고기 세트,케어식단,저당식단,MY
589655,리코타치즈 샐러드 세트,케어식단,라이트식단,MY
590786,[1Table] 봉우리 떡갈비,건강마켓,1Table,1Table
590788,새우 아보카도 샐러드 세트,케어식단,라이트식단,MY
591138,미나리잡채,건강마켓,건강반찬,메인요리
591345,매운 해물죽 (1인분),건강마켓,죽/스프,죽
591592,[마담로익] 크림치즈 플레인,건강마켓,베이커리,잼/버터/치즈
591830,매운 돼지고기찜 세트 ,케어식단,저당식단,MY
591989,미나리잡채,건강마켓,건강반찬,스페셜
592910,[범산목장] 유기농 목초 우유,건강마켓,베이커리,오일/발사믹
593089,구운가지율무샐러드,아모레 정기식단,뷰티식단,뷰티식단
593282,뿌리채소 가자미구이 세트,케어식단,웰니스식단,MY
593304,중국식 궁채 가지볶음,건강마켓,건강반찬,밑반찬
593319,미나리 오징어 돼지불고기,건강마켓,건강반찬,메인요리
593560,황태채 미나리볶음,건강마켓,건강반찬,밑반찬
594797,미나리 주꾸미볶음 ,건강마켓,건강반찬,스페셜
597079,민들레 삼채 겉절이,건강마켓,건강반찬,밑반찬
597108,이탈리아식 닭볶음 세트 ,케어식단,저당식단,MY
614854,모둠버섯 치킨 샐러드 세트,케어식단,라이트식단,MY
615938,궁채나물볶음,건강마켓,건강반찬,밑반찬
616478,참취나물무침 ,건강마켓,건강반찬,밑반찬
616518,[1Table] 모짜렐라 김치 서울만두,건강마켓,1Table,1Table
617567,볶음짬뽕,건강마켓,건강반찬,스페셜
617659,[에쉬레] 가염버터 포션,건강마켓,베이커리,잼/버터/치즈
617899,카레스프 (1인분),건강마켓,죽/스프,스프
617967,[1Table] 봉우리 떡갈비,건강마켓,1Table,
618174,새우 아스파라거스죽 (1인분),건강마켓,죽/스프,죽
618675,[vezzly] 쫄깃한 100℃ 식빵,건강마켓,베이커리,빵
618685,[vezzly] 좋은아침 모닝롤 (6입),건강마켓,베이커리,빵
618953,죽순 생강 소불고기 세트 ,케어식단,웰니스식단,웰니스식단
619124,미나리 오징어 돼지불고기,건강마켓,건강반찬,스페셜
619152,율무 샐러드 세트,케어식단,라이트식단,라이트식단
619616,리코타&보리순커리,건강마켓,건강반찬,스페셜
620998,마늘 대추 닭살구이 세트,케어식단,웰니스식단,웰니스식단
621936,더 부드러운 돼지고기 장조림,건강마켓,연화식,연화식
623103,여주 소불고기 세트,케어식단,저당식단,MY
623615,마늘 대추 닭살구이 세트,케어식단,웰니스식단,MY
623625,3days 샐러드 패키지,건강마켓,스페셜 패키지,스페셜 패키지
623805,민들레 닭살볶음 세트 ,케어식단,저당식단,저당식단
624947,모링가 돼지고기 된장찜 세트,케어식단,저당식단,저당식단
625080,여주 소불고기 세트,케어식단,저당식단,저당식단
626024,오리불고기 향채 샐러드 세트 ,케어식단,라이트식단,MY
627105,민들레 닭살볶음 세트 ,케어식단,저당식단,MY
627605,미강 돼지고기 배추볶음 세트 ,케어식단,저당식단,저당식단
627980,[vezzly] 밀푀유 식빵,건강마켓,베이커리,빵
629401,씨푸드 미나리 샐러드 세트 ,케어식단,라이트식단,라이트식단
629687,모링가 돼지고기 된장찜 세트,케어식단,저당식단,MY
629775,포두부 새우 샐러드 세트,케어식단,라이트식단,MY
630167,볶음 쟁반 자장면,건강마켓,건강반찬,스페셜
630411,당귀 닭볶음 세트,케어식단,저당식단,MY
630962,오리 버섯 주물럭 세트 ,케어식단,저당식단,MY
633076,[에르베로씨] 블랙베리잼,건강마켓,베이커리,잼/버터/치즈
633190,단호박 씨드범벅 샐러드 세트,케어식단,라이트식단,라이트식단
633232,오리 버섯 주물럭 세트 ,케어식단,저당식단,저당식단
633250,[vezzly] 방콕 세트,건강마켓,베이커리,빵
633960,미강 돼지고기 배추볶음 세트 ,케어식단,저당식단,MY
633999,숙주 부추 소불고기 세트,케어식단,웰니스식단,웰니스식단
634760,보리순 그린커리 세트 ,케어식단,웰니스식단,웰니스식단
635370,오리고사리 들깨볶음 세트,케어식단,웰니스식단,웰니스식단
635865,비트 무화과 타히니 샐러드,케어식단,라이트식단,라이트식단
636481,콜리플라워 계란볶음 세트,케어식단,저당식단,MY
636961,죽순 생강 소불고기 세트 ,케어식단,웰니스식단,MY
636974,오리불고기 향채 샐러드 세트 ,케어식단,라이트식단,라이트식단
637809,과콰몰리 돌나물 샐러드 세트,케어식단,라이트식단,라이트식단
637848,소불고기 취나물 샐러드 세트,케어식단,라이트식단,라이트식단
638218,[1Table] 명인명촌 화식한우 소불고기,건강마켓,1Table,1Table
638550,연자육 돼지불고기 세트 ,케어식단,저당식단,저당식단
638562,소고기 가지 된장볶음 세트 ,케어식단,저당식단,저당식단
639009,더 부드러운 LA갈비,건강마켓,연화식,연화식
639587,더 부드러운 소고기 장조림 ,건강마켓,연화식,연화식
640518,그리스식 닭살 샐러드,케어식단,라이트식단,라이트식단
640641,[에르베로씨] 딸기잼,건강마켓,베이커리,잼/버터/치즈
640790,황태채 미나리볶음,건강마켓,건강반찬,스페셜
640925,쿠스쿠스 곡물 샐러드 세트,케어식단,라이트식단,MY
642298,[1Table] 동그랑땡,건강마켓,1Table,1Table
643575,연자육 돼지불고기 세트 ,케어식단,저당식단,MY
644069,오리고사리 들깨볶음 세트,케어식단,웰니스식단,MY
644575,과콰몰리 돌나물 샐러드 세트,케어식단,라이트식단,MY
645815,마늘영양식단,아모레 정기식단,미당식단,미당식단
646239,[1Table] 존쿡 델리미트 크리스피 빅 핫도그 ,건강마켓,1Table,
647188,두부식단,아모레 정기식단,미당식단,미당식단
647191,그리스식 닭살 샐러드,케어식단,라이트식단,MY
647290,꾸지뽕돼지갈비샐러드,아모레 정기식단,뷰티식단,뷰티식단
647444,두부찹스테이크 세트,케어식단,웰니스식단,MY
647957,[1Table] 우미학 차돌 깍두기 볶음밥,건강마켓,1Table,1Table
649327,버섯 마늘찜닭 세트 ,케어식단,웰니스식단,웰니스식단
649643,소고기 가지 된장볶음 세트 ,케어식단,저당식단,MY
651317,보리순 그린커리 세트 ,케어식단,웰니스식단,MY
651875,포두부 파스타 세트 ,케어식단,웰니스식단,MY
651929,주꾸미 제육볶음 한상 세트 ,케어식단,웰니스식단,MY
651959,집콕 브런치 패키지,건강마켓,스페셜 패키지,스페셜 패키지
651967,호박고구마 렌틸콩 샐러드 세트,케어식단,라이트식단,라이트식단
652096,율무 단호박 샐러드,건강마켓,샐러드,웨이트
652687,부드러운 비프 샐러드,케어식단,라이트식단,라이트식단
652830,[5월] 효도 패키지 ,건강마켓,스페셜 패키지,스페셜 패키지
652878,[5월] 짬짜면 패키지 ,건강마켓,스페셜 패키지,스페셜 패키지
654185,오징어버터구이샐러드,아모레 정기식단,뷰티식단,뷰티식단
654190,구운채소&오징어 샐러드,건강마켓,샐러드,페스코/비건
654311,[5월] 커플 패키지,건강마켓,스페셜 패키지,스페셜 패키지
654683,오징어 참나물볶음 세트 ,케어식단,웰니스식단,웰니스식단
654930,머쉬룸리조토 세트 ,케어식단,웰니스식단,웰니스식단
654934,코코넛 쉬림프 샐러드 세트,케어식단,라이트식단,라이트식단
654936,오징어 참나물볶음 세트 ,케어식단,웰니스식단,MY
654941,숙주 부추 소불고기 세트,케어식단,웰니스식단,MY
655561,모링가 돼지 된장찜 세트,케어식단,웰니스식단,MY
655642,죽염 영광 참굴비 6호(10마리/800g),건강마켓,신선,수산
656038,고추잡채 덮밥 소스 세트,케어식단,저당식단,저당식단
656063,자염 영광 참굴비 5호(10마리/900g),건강마켓,신선,수산
656361,검은콩 캐슈넛 닭볶음 세트,케어식단,저당식단,MY
657452,율무 쉬림프 샐러드 세트,케어식단,라이트식단,MY
657725,강황 닭갈비 세트 ,케어식단,저당식단,저당식단
657787,소불고기&곡물샐러드,아모레 정기식단,뷰티식단,뷰티식단
658148,통밀파스타샐러드,아모레 정기식단,뷰티식단,뷰티식단
659785,스페인세비체샐러드,아모레 정기식단,뷰티식단,뷰티식단
660257,포두부새우샐러드,아모레 정기식단,뷰티식단,뷰티식단
660827,올리브닭살샐러드,아모레 정기식단,뷰티식단,뷰티식단
660876,고추잡채 덮밥 소스 세트,케어식단,저당식단,MY
661576,제주고사리 돼지고기찜 ,건강마켓,건강반찬,메인요리
661675,죽염 영광 참굴비 5호(10마리/900g),건강마켓,신선,수산
661678,해양심층수 소금 영광 참굴비 5호(10마리/900g),건강마켓,신선,수산
662015,모둠버섯 소불고기 한상 세트 ,케어식단,웰니스식단,MY
663499,강황 닭갈비 세트 ,케어식단,저당식단,MY
664333,제주고사리 햄프씨드볶음 ,건강마켓,건강반찬,밑반찬
665196,게랑드 소금 영광 참굴비 6호　(10마리/800g),건강마켓,신선,수산
665204,버섯 마늘찜닭 세트 ,케어식단,웰니스식단,MY
665399,제주고사리 오리 들깨볶음 ,건강마켓,건강반찬,메인요리
665517,양평 비름나물 된장무침 ,건강마켓,건강반찬,밑반찬
665526,게랑드 소금 영광 참굴비 5호　(10마리/900g),건강마켓,신선,수산
665647,제주고사리 고추잡채&꽃빵 ,건강마켓,건강반찬,메인요리
666179,머쉬룸리조토 세트 ,케어식단,웰니스식단,MY
666624,닭살 버섯 로제소스볶음 세트 ,케어식단,저당식단,MY
666812,[5월] 키즈 패키지 ,건강마켓,스페셜 패키지,스페셜 패키지
666820,모둠버섯 치킨 샐러드,건강마켓,샐러드,단백질
666861,[에르베로씨] 피치잼,건강마켓,베이커리,잼/버터/치즈
667367,[사라베스] 오렌지 아프리콧잼,건강마켓,베이커리,잼/버터/치즈
667943,과카몰리 씨푸드 샐러드 ,건강마켓,샐러드,350k
668198,[1Table] 동그랑땡,건강마켓,1Table,
668204,순수 어묵볶음 ,건강마켓,건강반찬,밑반찬
668311,모짜렐라 루꼴라 샐러드 세트,케어식단,라이트식단,MY
668321,연어구이콥샐러드,아모레 정기식단,뷰티식단,뷰티식단
669312,아스파라거스 돼지불고기 세트,케어식단,웰니스식단,MY
669640,[5월] 3days 샐러드 패키지,건강마켓,스페셜 패키지,스페셜 패키지
669950,곤드레 콜리플라워 세트 ,케어식단,저당식단,저당식단
671138,무화과 발사믹 드레싱 ,건강마켓,소스/소금,드레싱
671226,시래기 돼지고기찜 세트 ,케어식단,저당식단,저당식단
671308,지중해식 토마토닭볶음 세트 ,케어식단,웰니스식단,웰니스식단
671377,삼채 버섯볶음&두부스테이크 세트,케어식단,웰니스식단,MY
671381,두부 팔보채 세트 ,케어식단,웰니스식단,MY
671399,버섯 콜리플라워볶음 세트,케어식단,저당식단,저당식단
671430,낙지 오징어 미나리볶음 세트 ,케어식단,저당식단,저당식단
671432,상하이 두부면볶음 ,건강마켓,건강반찬,스페셜
671452,현대화식한우 으뜸 난  (1.2kg),건강마켓,신선,축산
671584,[1Table] 한우 쇠고기 미역국,건강마켓,밥/국,국
671684,모둠버섯 소불고기 한상 세트 ,케어식단,웰니스식단,웰니스식단
672559,아스파라거스 돼지불고기 세트,케어식단,웰니스식단,웰니스식단
672563,포두부 파스타 세트 ,케어식단,웰니스식단,웰니스식단
672579,멕시칸 치킨 타코 샐러드 세트 ,케어식단,라이트식단,MY
672581,태국식 솜땀 샐러드 세트 ,케어식단,라이트식단,MY
672814,매콤 꾸지뽕 닭살볶음 세트 ,케어식단,저당식단,저당식단
673281,매운 해물덮밥소스 세트 ,케어식단,웰니스식단,웰니스식단
673457,[사라베스] 스트로베리 라즈베리잼,건강마켓,베이커리,잼/버터/치즈
673467,옐로우아이빈 팥죽 (1인분),건강마켓,죽/스프,죽
673470,[로이] 올리브오일 500ml,건강마켓,베이커리,오일/발사믹
673479,매콤 마늘종 어묵볶음 ,건강마켓,건강반찬,밑반찬
673492,제주고사리 두부조림 세트 ,케어식단,웰니스식단,웰니스식단
673499,리코타치즈 바나나 샐러드 세트 ,케어식단,라이트식단,MY
673508,무화과 비트 타히니 샐러드 세트 ,케어식단,라이트식단,MY
673511,닭안심 미나리페스토 샐러드 세트 ,케어식단,라이트식단,MY
673522,과카몰리 쉬림프 샐러드 세트 ,케어식단,라이트식단,라이트식단
673526,치킨스테이크 퀴노아 샐러드 세트 ,케어식단,라이트식단,라이트식단
673528,리코타치즈 바나나 샐러드 세트 ,케어식단,라이트식단,라이트식단
674030,히비스커스 라타투이 세트,케어식단,저당식단,저당식단
674917,계피 소고기볶음 세트,케어식단,저당식단,저당식단
675044,오징어 버터구이 샐러드 세트,케어식단,라이트식단,라이트식단
675196,멕시칸 치킨 타코 샐러드 세트 ,케어식단,라이트식단,라이트식단
675335,콜리플라워 계란볶음 세트,케어식단,저당식단,저당식단
675338,닭살 버섯 로제소스볶음 세트,케어식단,저당식단,저당식단
675474,늙은 호박죽 (1인분),건강마켓,죽/스프,죽
676822,강황 닭갈비 세트 ,케어식단,웰니스식단,MY
676858,태국식 소고기 공심채 세트 ,케어식단,웰니스식단,MY
676947,태국식 소고기 공심채 세트 ,케어식단,웰니스식단,웰니스식단
676978,삼채 버섯볶음&두부스테이크 세트,케어식단,웰니스식단,웰니스식단
677231,강황 닭갈비 세트 ,케어식단,웰니스식단,웰니스식단
677235,무화과 비트 타히니 샐러드 세트 ,케어식단,라이트식단,라이트식단
677769,닭안심 미나리페스토 샐러드 세트 ,케어식단,라이트식단,라이트식단
678008,슈퍼곡물 구운채소 샐러드 세트 ,케어식단,라이트식단,라이트식단
679419,오리 도라지볶음 세트 ,케어식단,웰니스식단,웰니스식단
679471,치킨스테이크 퀴노아 샐러드 세트 ,케어식단,라이트식단,MY
680329,오리 도라지볶음 세트 ,케어식단,웰니스식단,MY
680747,미나리 오징어 돼지불고기 세트 ,케어식단,저당식단,MY
681489,계피 버섯 마늘 찜닭 세트,케어식단,저당식단,MY
681494,멕시칸 타코 샐러드 ,건강마켓,샐러드,350k
681500,닭살 버섯 로제소스볶음 세트 ,케어식단,저당식단,저당식단
681503,분짜 느억맘 샐러드 세트,케어식단,라이트식단,라이트식단
681509,병아리콩 불고기 샐러드 세트 ,케어식단,라이트식단,라이트식단
681788,모짜렐라치즈 루꼴라 샐러드 세트 ,케어식단,라이트식단,라이트식단
681921,연자육 닭살 콥샐러드 세트 ,케어식단,라이트식단,라이트식단
682398,시트러스 흑미찜 샐러드 세트 ,케어식단,라이트식단,라이트식단
682655,깻잎 돼지주물럭 세트 ,케어식단,웰니스식단,MY
682697,깻잎 돼지주물럭 세트 ,케어식단,웰니스식단,웰니스식단
682718,머쉬룸 리조토 세트 ,케어식단,웰니스식단,MY
682893,매운 해물덮밥소스 세트 ,케어식단,웰니스식단,MY
683113,시트러스&블랙샐러드,아모레 정기식단,뷰티식단,뷰티식단
683843,포테이토렌치샐러드 ,아모레 정기식단,뷰티식단,뷰티식단
685161,주꾸미 제육볶음 한상 세트 ,케어식단,웰니스식단,웰니스식단
685164,머쉬룸 리조토 세트 ,케어식단,웰니스식단,웰니스식단
685531,[6월] 3days 샐러드 패키지,건강마켓,스페셜 패키지,스페셜 패키지
685904,블러드 오렌지 드레싱,건강마켓,소스/소금,드레싱
685906,중국식 칼라마리 냉채 샐러드,케어식단,라이트식단,라이트식단
686268,닭살 버섯 로제소스볶음 세트,케어식단,저당식단,MY
686285,돼지고기 마늘소스찜 세트 ,케어식단,저당식단,저당식단
686294,모짜렐라치즈 루꼴라 샐러드 세트 ,케어식단,라이트식단,MY
686300,오리 고사리 들깨볶음 세트,케어식단,저당식단,MY
686369,매콤 꾸지뽕 닭살볶음 세트 ,케어식단,웰니스식단,MY
686938,시트러스 흑미찜 샐러드 세트 ,케어식단,라이트식단,MY
686945,시래기 돼지고기찜 세트 ,케어식단,웰니스식단,MY
687223,돼지고기 마늘소스찜 세트 ,케어식단,저당식단,MY
687820,[6월] 짬짜면 패키지 ,건강마켓,스페셜 패키지,스페셜 패키지
687979,시래기 돼지고기찜 세트 ,케어식단,저당식단,MY
688113,토마토 견과 카레 소스 세트 ,케어식단,웰니스식단,MY
688115,매콤 꾸지뽕 닭살볶음 세트 ,케어식단,저당식단,MY
688118,춘천식 고추장 닭구이 세트 ,케어식단,저당식단,저당식단
688962,매콤 꾸지뽕 닭살볶음 세트 ,케어식단,웰니스식단,웰니스식단
689101,매콤 주꾸미 비빔 세트 ,케어식단,웰니스식단,웰니스식단
689351,율무 쉬림프 샐러드 세트,케어식단,라이트식단,라이트식단
689360,구운 두부 비트와 견과류 샐러드 세트 ,케어식단,라이트식단,라이트식단
689388,토마토 견과 카레 소스 세트 ,케어식단,웰니스식단,웰니스식단
689397,마씨앗 닭볶음탕 세트 ,케어식단,웰니스식단,웰니스식단
689426,새우 버터구이 아보카도 샐러드 세트,케어식단,라이트식단,라이트식단
690100,구운 주꾸미와 감자 샐러드 세트 ,케어식단,라이트식단,라이트식단
690101,무화과 비트 타히니&닭살 샐러드 세트 ,케어식단,라이트식단,라이트식단
690873,[6월] 효도 패키지 ,건강마켓,스페셜 패키지,스페셜 패키지
690962,낙지 오징어 미나리볶음 세트 ,케어식단,저당식단,MY
691033,지중해식 토마토닭볶음 세트 ,케어식단,웰니스식단,MY
691694,고구마순 잡채,건강마켓,건강반찬,스페셜
692044,[사라베스] 블루베리 체리잼,건강마켓,베이커리,잼/버터/치즈
692287,해물 두반두부 세트 ,케어식단,웰니스식단,웰니스식단
692402,춘천식 고추장 닭구이 ,건강마켓,건강반찬,메인요리
693149,어니언 덮밥소스 세트 ,케어식단,저당식단,저당식단
693161,매콤 주꾸미 비빔 세트 ,케어식단,웰니스식단,MY
693666,참치 케이퍼 샐러드 세트 ,케어식단,라이트식단,라이트식단
693694,미나리 오징어 돼지불고기 세트 ,케어식단,저당식단,저당식단
694313,곰취된장찜 ,건강마켓,건강반찬,밑반찬
694398,어수리나물 ,건강마켓,건강반찬,밑반찬
695395,해물 두반두부 세트 ,케어식단,웰니스식단,MY
695402,[트루노팔] 선인장 워터 1L,건강마켓,베이커리,건강음료
695430,춘천식 고추장 닭구이 세트 ,케어식단,저당식단,MY
695699,낙지 무채무침 ,건강마켓,건강반찬,밑반찬
695701,미트 토마토 파스타 세트,케어식단,웰니스식단,웰니스식단
695705,나물 비빔 세트,케어식단,웰니스식단,웰니스식단
695708,슈퍼곡물 구운채소 샐러드 세트 ,케어식단,라이트식단,MY
696028,마씨앗 닭볶음탕 세트 ,케어식단,웰니스식단,MY
696937,오징어 무채무침,건강마켓,건강반찬,밑반찬
697093,오징어 버터구이 샐러드 세트,케어식단,라이트식단,MY
697642,문어 사과 카르파쵸 샐러드,케어식단,라이트식단,MY
697649,포두부 쉬림프 샐러드 세트,케어식단,라이트식단,MY
697833,오리 고사리 들깨볶음 세트,케어식단,저당식단,저당식단
698292,버섯 오리주물럭 세트,케어식단,저당식단,저당식단
698299,꾸지뽕 매콤 닭볶음 세트,케어식단,저당식단,저당식단
698594,곤드레 콜리플라워 세트 ,케어식단,저당식단,MY
699135,구운연어 쿠스쿠스 샐러드 세트 ,케어식단,라이트식단,라이트식단
699447,코코넛 쉬림프 샐러드 세트 ,케어식단,라이트식단,MY
699450,계피 버섯 마늘 찜닭 세트,케어식단,저당식단,저당식단
700159,숙주 부추 소불고기 세트 ,케어식단,저당식단,저당식단
700439,새우 버터구이 아보카도 샐러드 세트,케어식단,라이트식단,MY
700473,두부 팔보채 세트 ,케어식단,웰니스식단,웰니스식단
700493,파채 돈육불고기 세트 ,케어식단,웰니스식단,웰니스식단
700506,미트 토마토 파스타 세트,케어식단,웰니스식단,MY
700515,파채 돈육불고기 세트 ,케어식단,웰니스식단,MY
700860,머쉬룸 치킨 샐러드 세트 ,케어식단,라이트식단,MY
700885,머쉬룸 치킨 샐러드 세트 ,케어식단,라이트식단,라이트식단
701016,[6월] 건강 디저트 패키지,건강마켓,스페셜 패키지,스페셜 패키지
701251,리코타치즈 청포도 샐러드세트 ,케어식단,라이트식단,라이트식단
701259,[아몬드브리즈] 오리지널 950ml,건강마켓,스무디/음료,건강음료
701308,리코타치즈 청포도 샐러드세트 ,케어식단,라이트식단,MY
701751,숙주 부추 소불고기 세트 ,케어식단,저당식단,MY
701933,[팔도한우] 횡성 안심 150g/팩,건강마켓,정육/계란,정육
702096,[볼제너뮬러] 유기농 콘플레이크 250g,건강마켓,헬시 그로서리,저염/저당
702205,연자육 닭살 콥샐러드 세트 ,케어식단,라이트식단,MY
702217,구운연어 쿠스쿠스 샐러드 세트 ,케어식단,라이트식단,MY
702662,[vezzly] 홍시 단팥빵 (6입),건강마켓,베이커리,빵
702663,[트루노팔] 선인장 워터 1L,건강마켓,헬시 그로서리,저/무지방
703107,타르투플랑게 화이트 트러플 소금 30g,건강마켓,소스/소금,소금
703167,나물 4종 샘플러,건강마켓,건강반찬,스페셜
703172,돼지고기 마늘종 덮밥소스 세트 ,케어식단,저당식단,저당식단
703175,공심채 소고기볶음 세트 ,케어식단,저당식단,저당식단
703187,불낙볶음 세트 ,케어식단,웰니스식단,웰니스식단
703220,[vezzly] 올리브 식빵,건강마켓,베이커리,빵
703700,스파이시 참치 케이퍼 샐러드 세트 ,케어식단,라이트식단,라이트식단
704187,탄두리 후무스 샐러드 세트 ,케어식단,라이트식단,라이트식단
704277,사천식 애호박찜 세트 ,케어식단,웰니스식단,웰니스식단
705313,치킨스테이크 채소구이 샐러드 세트 ,케어식단,라이트식단,MY
705998,[7월] 3days 샐러드 패키지,건강마켓,스페셜 패키지,스페셜 패키지
706692,탄두리 후무스 샐러드 세트 ,케어식단,라이트식단,MY
706735,화이트 라구소스 리가토니,건강마켓,건강반찬,스페셜
707290,포두부 쉬림프 샐러드 세트,케어식단,라이트식단,라이트식단
707340,포크 아라비아따 샐러드 세트 ,케어식단,라이트식단,MY
707549,병아리콩 불고기 샐러드 세트 ,케어식단,라이트식단,MY
708176,씨푸드 시트러스 샐러드 ,아모레 정기식단,뷰티식단,뷰티식단
708392,돼지고기 마늘종 덮밥소스 세트 ,케어식단,저당식단,MY
708450,오리 도라지볶음 세트 ,케어식단,저당식단,MY
708454,나물 4종 샘플러,건강마켓,건강반찬,밑반찬
708464,닭안심 미나리페스토구이  샐러드 세트 ,케어식단,라이트식단,MY
708489,유근피 닭다리백숙 (1인분),건강마켓,건강반찬,스페셜
708656,흑미 전복 리소토,건강마켓,건강반찬,스페셜
709379,율무&구운가지 샐러드 세트 ,케어식단,라이트식단,라이트식단
709781,닭안심 미나리페스토구이  샐러드 세트 ,케어식단,라이트식단,라이트식단
710048,포크 아라비아따 샐러드 세트 ,케어식단,라이트식단,라이트식단
710059,씨푸드 커리향 샐러드 세트 ,케어식단,라이트식단,라이트식단
710412,치킨스테이크 채소구이 샐러드 세트 ,케어식단,라이트식단,라이트식단
710506,불낙볶음 세트 ,케어식단,웰니스식단,MY
710508,돼지고기 톳볶음 세트 ,케어식단,저당식단,MY
710519,문어 사과 카르파쵸 샐러드,케어식단,라이트식단,라이트식단
710588,단호박 오리로스구이 세트 ,케어식단,저당식단,MY
710794,흑마늘 황기 찜닭 (2~3인분),건강마켓,건강반찬,메인요리
710810,닭살두부 마라볶음 세트 ,케어식단,웰니스식단,MY
710825,나물 비빔 세트,케어식단,웰니스식단,MY
711238,구운버섯 아보카도 샐러드 세트 ,케어식단,라이트식단,MY
711475,[오가닉스토리] 유기농 발아블랙선식 500g,건강마켓,헬시 그로서리,저염/저당
711744,[vezzly] 통밀 7곡 식빵 ,건강마켓,베이커리,빵
711748,율무&구운가지 샐러드 세트 ,케어식단,라이트식단,MY
711753,[vezzly] 에쉬레버터 샤브레 쿠키 (3입),건강마켓,베이커리,빵
711978,머쉬룸 리조토 세트 ,케어식단,저당식단,MY
711984,[아이엠얼라이브] 유기농 콤부차 오리지널 315ml ,건강마켓,헬시 그로서리,저염/저당
711992,스파이시 참치 케이퍼 샐러드 세트 ,케어식단,라이트식단,MY
712007,[7월] 패밀리 패키지,건강마켓,스페셜 패키지,스페셜 패키지
712015,코코넛 쉬림프 샐러드 세트 ,케어식단,라이트식단,라이트식단
712034,보양 추어탕 (1인분),건강마켓,건강반찬,스페셜
712048,단호박 오리로스구이 세트 ,케어식단,저당식단,저당식단
712064,돼지고기 톳볶음 세트 ,케어식단,저당식단,저당식단
712513,[바로란] 텃골농장 구운란 (10구),건강마켓,정육/계란,계란
712518,돼지고기 애호박 짜글이 세트 ,케어식단,저당식단,MY
712864,삼복 백숙 패키지 (2인),건강마켓,스페셜 패키지,스페셜 패키지
712868,[1Table] 삼계탕 ,건강마켓,1Table,1Table
713091,유근피 닭다리 백숙 세트 ,케어식단,저당식단,MY
713122,유근피 닭다리 백숙 세트 ,케어식단,웰니스식단,MY
713135,[엘리트] 유기농 석류주스 700ml,건강마켓,헬시 그로서리,저염/저당
713149,모짜렐라 치즈 샐러드 세트 ,케어식단,라이트식단,라이트식단
713865,통밀 콜드 파스타 샐러드,케어식단,라이트식단,MY
713916,[화식한우] 안심 150g/팩,건강마켓,정육/계란,정육
714140,유근피 닭다리 백숙 세트 ,케어식단,저당식단,저당식단
715143,게랑드 굵은 토판 천일염 125g,건강마켓,소스/소금,소금
715148,연잎 오겹수육 (2인분),건강마켓,건강반찬,메인요리
715174,모짜렐라 치즈 샐러드 세트 ,케어식단,라이트식단,MY
715294,오리엔탈 비프 샐러드 ,케어식단,라이트식단,MY
715324,오징어땅콩 버터구이 샐러드 세트 ,케어식단,라이트식단,라이트식단
715344,리코타 호박고구마 샐러드 세트 ,케어식단,라이트식단,라이트식단
717254,오징어땅콩 버터구이 샐러드 세트 ,케어식단,라이트식단,MY
717339,소고기 브로콜리죽 (1인분),건강마켓,죽/스프,죽
717347,머쉬룸 리조토 세트 ,케어식단,저당식단,저당식단
717435,흑마늘 찜닭 세트 ,케어식단,저당식단,MY
718340,구운버섯 아보카도 샐러드 세트 ,케어식단,라이트식단,라이트식단
719033,포테이토 쉬림프 샐러드 세트 ,케어식단,라이트식단,라이트식단
719044,갈릭 치킨 샐러드 세트 ,케어식단,라이트식단,라이트식단
719137,제주고사리 두부조림 세트 ,케어식단,웰니스식단,MY
719171,오리엔탈 비프 샐러드 ,케어식단,라이트식단,라이트식단
719457,게랑드 굵은 토판 천일염 250g,건강마켓,소스/소금,소금
719519,[팔도한우] 횡성 불고기 200g/팩,건강마켓,정육/계란,정육
719523,구운 두부 비트와 닭살 샐러드,케어식단,라이트식단,라이트식단
719977,함박스테이크 세트,케어식단,웰니스식단,MY
719990,멸치 고추장물,건강마켓,건강반찬,밑반찬
720575,삼복 추어탕 패키지 (2인),건강마켓,스페셜 패키지,스페셜 패키지
721249,루꼴라 바질 냉파스타,건강마켓,건강반찬,스페셜
721286,흑마늘 찜닭 세트 ,케어식단,저당식단,저당식단
722221,함박스테이크 세트,케어식단,웰니스식단,웰니스식단
722495,돼지고기 애호박 짜글이 세트 ,케어식단,저당식단,저당식단
723115,그리스풍 닭살 샐러드 ,케어식단,라이트식단,라이트식단
723212,비프&바질 포테이토 샐러드,케어식단,라이트식단,라이트식단
723657,꿍팟퐁커리 세트,케어식단,웰니스식단,MY
723670,참치파스타 사과샐러드 ,케어식단,라이트식단,라이트식단
723924,비프&바질 포테이토 샐러드,케어식단,라이트식단,MY
724897,구운 템페 콥샐러드 ,건강마켓,샐러드,페스코/비건
724909,칼라마리 콜드 샐러드 ,케어식단,라이트식단,MY
724999,유근피 닭다리 백숙 세트 ,케어식단,웰니스식단,웰니스식단
725014,멕시칸풍 타코 샐러드 (스몰/레귤러),건강마켓,샐러드,단백질
725449,리코타 치즈 샐러드 (스몰/레귤러),건강마켓,샐러드,페스코/비건
725628,아귀살 목이버섯찜 세트 ,케어식단,웰니스식단,MY
725727,사천식 애호박찜 세트 ,케어식단,웰니스식단,MY
725796,지중해식 풍기 샐러드 ,케어식단,라이트식단,라이트식단
725890,깐풍 두부강정 세트 ,케어식단,저당식단,MY
726413,삼채 무채절임,건강마켓,건강반찬,밑반찬
727914,아귀살 목이버섯찜 세트 ,케어식단,웰니스식단,웰니스식단
727988,토마토 파스타 (2인분),건강마켓,스페셜 패키지,스페셜 패키지
727989,바질 페스토 파스타 (2인분),건강마켓,스페셜 패키지,스페셜 패키지
727994,[7월] 짬짜면 패키지 ,건강마켓,스페셜 패키지,스페셜 패키지
728434,스파이시 쉬림프 샐러드 (스몰/레귤러),건강마켓,샐러드,단백질
728438,통밀 콜드 파스타 샐러드,케어식단,라이트식단,라이트식단
728493,지중해식 풍기 샐러드 ,케어식단,라이트식단,MY
728746,깐풍 두부강정 세트 ,케어식단,저당식단,저당식단
728969,[팔도한우] 횡성 채끝 200g/팩,건강마켓,정육/계란,정육
729373,[팔도한우] 횡성 등심 200g/팩,건강마켓,정육/계란,정육
729376,포두부쉬림프샐러드세트,케어식단,라이트식단,MY
729379,어니언덮밥소스세트,케어식단,저당식단,MY
729388,은이버섯오리주물럭세트,케어식단,웰니스식단,MY
729397,유부유산슬세트,케어식단,웰니스식단,MY
729403,아귀살목이버섯찜세트,케어식단,웰니스식단,MY
729573,민들레닭살볶음세트,케어식단,저당식단,MY
729688,모둠버섯소불고기쌈세트,케어식단,저당식단,저당식단
729726,돼지고기톳볶음세트,케어식단,저당식단,MY
730243,매콤주꾸미볶음세트,케어식단,웰니스식단,MY
730244,깐풍두부강정세트,케어식단,저당식단,MY
730294,지중해식풍기샐러드,케어식단,라이트식단,MY
730297,꿍팟퐁커리세트,케어식단,웰니스식단,MY
730298,그리스풍닭살샐러드,케어식단,라이트식단,MY
730301,갈릭치킨샐러드세트,케어식단,라이트식단,MY
730303,깐풍두부강정세트,케어식단,저당식단,저당식단
730309,고추잡채덮밥소스세트,케어식단,웰니스식단,MY
731160,건강한자장소스세트,케어식단,웰니스식단,MY
731164,건강한자장소스세트,케어식단,웰니스식단,웰니스식단
731170,부드러운 닭가슴살 콥 샐러드 (스몰/레귤러),건강마켓,샐러드,단백질
731188,[이솔라비오] 유기농 귀리음료 1L,건강마켓,헬시 그로서리,저염/저당
731199,지중해식두부&피쉬볼샐러드,케어식단,라이트식단,MY
731204,오리맥적구이세트,케어식단,저당식단,저당식단
731207,연자육돼지불고기세트,케어식단,저당식단,저당식단
731216,검은콩캐슈넛닭볶음세트,케어식단,저당식단,저당식단
731223,마늘돼지고기구이,케어식단,웰니스식단,MY
731225,나물비빔세트,케어식단,웰니스식단,MY
731228,현대화식한우 으뜸 매 (1.2kg),건강마켓,신선,축산
731248,오리엔탈비프샐러드,케어식단,라이트식단,라이트식단
731256,연자육돼지불고기세트,케어식단,저당식단,MY
731429,포두부파스타세트,케어식단,웰니스식단,MY
731787,춘천식닭구이세트,케어식단,웰니스식단,MY
731791,흑미시트러스견과샐러드세트,케어식단,라이트식단,라이트식단
732047,포크아라비아따샐러드세트,케어식단,라이트식단,라이트식단
732051,통밀콜드파스타샐러드,케어식단,라이트식단,라이트식단
732470,탄두리후무스샐러드세트,케어식단,라이트식단,라이트식단
732730,치킨스테이크채소구이샐러드세트,케어식단,라이트식단,라이트식단
732732,참치파스타사과샐러드,케어식단,라이트식단,라이트식단
732755,오징어땅콩버터구이샐러드세트,케어식단,라이트식단,라이트식단
732761,스페인세비체샐러드세트,케어식단,라이트식단,라이트식단
732767,새우버터구이아보카도샐러드세트,케어식단,라이트식단,라이트식단
732904,문어사과카르파쵸샐러드,케어식단,라이트식단,라이트식단
732912,모짜렐라치즈샐러드세트,케어식단,라이트식단,라이트식단
732917,멕시칸타코샐러드세트,케어식단,라이트식단,라이트식단
732944,머쉬룸치킨샐러드세트,케어식단,라이트식단,라이트식단
732952,리코타호박고구마샐러드세트,케어식단,라이트식단,라이트식단
732961,구운연어쿠스쿠스샐러드세트,케어식단,라이트식단,라이트식단
732966,구운연어쿠스쿠스샐러드세트,케어식단,라이트식단,MY
732968,구운주꾸미와감자샐러드세트,케어식단,라이트식단,라이트식단
732969,머쉬룸리조토세트,케어식단,저당식단,MY
732970,구운두부비트와닭살샐러드,케어식단,라이트식단,라이트식단
732971,옥수수 스프 (1인분),건강마켓,죽/스프,스프
732972,지중해식두부&피쉬볼샐러드,케어식단,라이트식단,라이트식단
732973,삼채버섯볶음&두부스테이크세트,케어식단,웰니스식단,MY
732974,포두부쉬림프샐러드세트,케어식단,라이트식단,라이트식단
732975,소고기렌틸콩오크라볶음세트,케어식단,저당식단,MY
732976,닭살버섯로제소스볶음세트,케어식단,저당식단,MY
732977,아스파라거스돼지불고기세트,케어식단,저당식단,저당식단
732978,칼라마리콜드샐러드,케어식단,라이트식단,라이트식단
732979,갈릭치킨샐러드세트,케어식단,라이트식단,라이트식단
732980,아라비아따 파스타 (2인분),건강마켓,스페셜 패키지,스페셜 패키지
732981,제주고사리두부조림세트,케어식단,웰니스식단,MY
732982,마파가지덮밥세트,케어식단,웰니스식단,MY
732983,코코넛쉬림프샐러드세트,케어식단,라이트식단,라이트식단
732984,아스파라거스돼지불고기세트,케어식단,웰니스식단,MY
732985,고사리소불고기숙쌈세트,케어식단,저당식단,저당식단
732986,소고기렌틸콩오크라볶음세트,케어식단,저당식단,저당식단
732987,닭살버섯로제소스볶음세트,케어식단,저당식단,저당식단
732988,숙쌈＆쌈장 2종,건강마켓,건강반찬,밑반찬
732989,송화버섯낙지볶음세트,케어식단,웰니스식단,MY
732990,미트토마토파스타세트,케어식단,웰니스식단,MY
732991,마늘대추닭살구이세트,케어식단,웰니스식단,MY
732992,보리순그린커리세트,케어식단,웰니스식단,MY
732993,오리엔탈 포크 샐러드 ,건강마켓,샐러드,350k
732994,파채돈육불고기세트,케어식단,웰니스식단,MY
732995,인도식견과커리세트,케어식단,저당식단,MY
732996,아스파라거스돼지불고기세트,케어식단,저당식단,MY
732997,검은콩 흑임자죽 (1인분),건강마켓,죽/스프,죽
732998,매운해물덮밥소스세트,케어식단,웰니스식단,웰니스식단
732999,마씨앗닭볶음탕세트,케어식단,웰니스식단,웰니스식단
733000,매운돼지고기찜세트,케어식단,저당식단,MY
733001,두부찹스테이크세트,케어식단,웰니스식단,웰니스식단
733002,연자육 타락죽 (1인분),건강마켓,죽/스프,죽
733003,함박스테이크&데미그라스소스,건강마켓,건강반찬,메인요리
733004,숙주부추소불고기세트,케어식단,저당식단,MY
733005,시래기돼지고기찜세트,케어식단,웰니스식단,MY
733006,황태귀리죽(1인분),건강마켓,죽/스프,죽
733007,흑미전복리소토,건강마켓,건강반찬,스페셜
733008,구운템페콥샐러드,건강마켓,샐러드,페스코/비건
733009,토마토견과카레소스세트,케어식단,웰니스식단,MY
733010,멕시칸치킨타코샐러드세트,케어식단,라이트식단,MY
733011,닭안심미나리페스토구이샐러드세트,케어식단,라이트식단,MY
733012,버터구이오징어샐러드세트,케어식단,라이트식단,라이트식단
733013,흑미시트러스샐러드세트,케어식단,라이트식단,라이트식단
733014,탄두리닭살샐러드세트,케어식단,라이트식단,라이트식단
733015,[1Table]한우쇠고기미역국,건강마켓,1Table,1Table
733016,유근피닭다리백숙(1인분),건강마켓,건강반찬,스페셜
733017,[1Table]갈비낙지볶음밥,건강마켓,1Table,1Table
733018,아보카도&케일스무디,건강마켓,스무디/음료,스무디
733019,스파이시참치케이퍼샐러드세트,케어식단,라이트식단,라이트식단
733020,그리스풍닭살샐러드,케어식단,라이트식단,라이트식단
733021,비프&바질포테이토샐러드,케어식단,라이트식단,라이트식단
733022,리코타치즈샐러드(스몰/레귤러),건강마켓,샐러드,페스코/비건
733023,[1Table]제주흑돼지갈비만두,건강마켓,1Table,1Table
733024,[1Table]와규함박스테이크,건강마켓,1Table,1Table
733025,[1Table]존쿡델리미트부대찌개,건강마켓,1Table,1Table
733026,구운버섯아보카도샐러드세트,케어식단,라이트식단,라이트식단
733027,멕시칸치킨타코샐러드세트,케어식단,라이트식단,라이트식단
733028,포테이토쉬림프샐러드세트,케어식단,라이트식단,라이트식단
733029,은이버섯오리주물럭세트,케어식단,웰니스식단,웰니스식단
733030,불낙볶음세트,케어식단,웰니스식단,웰니스식단
733031,꿍팟퐁커리세트,케어식단,웰니스식단,웰니스식단
733032,마늘돼지고기구이,케어식단,웰니스식단,웰니스식단
733033,고추잡채덮밥소스세트,케어식단,웰니스식단,웰니스식단
733034,나물비빔세트,케어식단,웰니스식단,웰니스식단
733035,삼채버섯볶음&두부스테이크세트,케어식단,웰니스식단,웰니스식단
733036,오리도라지볶음세트,케어식단,웰니스식단,웰니스식단
733037,춘천식닭구이세트,케어식단,웰니스식단,웰니스식단
733038,볶음쟁반자장면,건강마켓,건강반찬,스페셜
733039,토마토견과카레소스,건강마켓,건강반찬,스페셜
733040,[1Table]모짜렐라김치서울만두,건강마켓,1Table,1Table
733041,[1Table]장조림버터볶음밥,건강마켓,밥/국,밥
733042,토마토견과카레소스세트,케어식단,웰니스식단,웰니스식단
733043,깻잎돼지주물럭세트,케어식단,웰니스식단,웰니스식단
733044,오리고사리들깨볶음세트,케어식단,저당식단,MY
733045,매콤주꾸미비빔세트,케어식단,웰니스식단,웰니스식단
733046,미나리오징어돼지불고기세트,케어식단,저당식단,저당식단
733047,공심채소고기볶음세트,케어식단,저당식단,저당식단
733048,[엘리트]유기농석류주스700ml,건강마켓,헬시 그로서리,저염/저당
733049,소고기브로콜리죽(1인분),건강마켓,죽/스프,죽
733050,옥수수스프(1인분),건강마켓,죽/스프,스프
733051,[vezzly]홍시단팥빵(6입),건강마켓,베이커리,빵
733052,애호박아마란스새우볶음,건강마켓,건강반찬,밑반찬
733053,소고기다시마채장조림,건강마켓,건강반찬,밑반찬
733054,숙쌈＆쌈장2종,건강마켓,건강반찬,밑반찬
733055,순수어묵볶음,건강마켓,건강반찬,밑반찬
733056,비트생깻잎지,건강마켓,건강반찬,밑반찬
733057,멸치아몬드볶음,건강마켓,건강반찬,밑반찬
733058,들깨시래기나물,건강마켓,건강반찬,밑반찬
733059,낙지무채무침,건강마켓,건강반찬,밑반찬
733060,중국식궁채가지볶음,건강마켓,건강반찬,밑반찬
733061,매콤꾸지뽕닭살볶음세트,케어식단,저당식단,MY
733062,미나리오징어돼지불고기세트,케어식단,저당식단,MY
733063,렌틸콩견과샐러드,케어식단,라이트식단,MY
733064,화이트라구소스리가토니,건강마켓,건강반찬,스페셜
733065,콜리플라워치즈그라탕,건강마켓,건강반찬,스페셜
733066,매콤꾸지뽕닭살볶음세트,케어식단,저당식단,저당식단
733067,비트&베리스무디,건강마켓,스무디/음료,스무디
733068,보양추어탕(1인분),건강마켓,건강반찬,스페셜
733069,공심채소고기볶음세트,케어식단,저당식단,MY
733070,[화식한우]등심200g/팩,건강마켓,정육/계란,정육
733071,멕시칸풍타코샐러드(스몰/레귤러),건강마켓,샐러드,단백질
733072,매콤주꾸미비빔세트,케어식단,웰니스식단,MY
733073,미트볼파스타세트,케어식단,웰니스식단,MY
733074,율무&구운가지샐러드세트,케어식단,라이트식단,MY
733075,비트무화과타히니샐러드,건강마켓,샐러드,350k
733076,루꼴라바질냉파스타,건강마켓,건강반찬,스페셜
733077,스파이시참치케이퍼샐러드세트,케어식단,라이트식단,MY
733078,비프&바질포테이토샐러드,케어식단,라이트식단,MY
733079,계피버섯마늘찜닭세트,케어식단,저당식단,MY
733080,칼라마리콜드샐러드,케어식단,라이트식단,MY
733081,나물4종샘플러,건강마켓,건강반찬,밑반찬
733082,더부드러운돼지고기장조림,건강마켓,연화식,연화식
733083,검은콩흑임자죽(1인분),건강마켓,죽/스프,죽
733084,방풍나물&고구마스프(1인분),건강마켓,죽/스프,스프
733085,상하이두부면볶음,건강마켓,건강반찬,스페셜
733086,[1Table]존쿡델리미트핫도그,건강마켓,1Table,1Table
733087,연어구이&버섯샐러드,아모레 정기식단,뷰티식단,MY
733088,모짜렐라쿠스쿠스샐러드,아모레 정기식단,뷰티식단,MY
733089,여름보양식단,아모레 정기식단,바이탈식단,MY
733090,[1Table]우미학차돌깍두기볶음밥,건강마켓,1Table,1Table
733091,[1Table]한우잡채볶음밥,건강마켓,1Table,1Table
733092,소고기샤브샤브세트,케어식단,저당식단,MY
733093,돼지고기애호박짜글이세트,케어식단,저당식단,MY
733094,모둠버섯소불고기한상세트,케어식단,웰니스식단,MY
733095,강황닭갈비(2인분),건강마켓,건강반찬,메인요리
733096,템페시트러스샐러드,케어식단,라이트식단,MY
733097,[1Table]냉이된장찌개,건강마켓,밥/국,국
733098,율무&구운가지샐러드세트,케어식단,라이트식단,라이트식단
733099,닭안심미나리페스토구이샐러드세트,케어식단,라이트식단,라이트식단
733100,렌틸콩견과샐러드,케어식단,라이트식단,라이트식단
733101,[vezzly]쌀조청롤케이크,건강마켓,베이커리,빵
733102,연잎오겹수육(2인분),건강마켓,건강반찬,메인요리
733103,유근피녹두삼계죽(1인분),건강마켓,죽/스프,죽
733104,모짜렐라루꼴라샐러드,건강마켓,샐러드,350k
733105,커리치킨샐러드,건강마켓,샐러드,단백질
733106,부드러운닭가슴살콥샐러드(스몰/레귤러),건강마켓,샐러드,단백질
733107,오징어참나물볶음세트,케어식단,웰니스식단,MY
733108,낙지오징어미나리볶음세트,케어식단,저당식단,MY
733109,오리향채소불고기세트,케어식단,웰니스식단,MY
733110,건강한자장소스,건강마켓,건강반찬,스페셜
733111,[1Table]양구시래기밥,건강마켓,1Table,1Table
733112,오리엔탈포크샐러드,건강마켓,샐러드,350k
733113,병아리콩불고기샐러드세트,케어식단,라이트식단,라이트식단
733114,돼지고기톳볶음세트,케어식단,저당식단,저당식단
733115,계피버섯마늘찜닭세트,케어식단,저당식단,저당식단
733116,[팔도한우]횡성등심200g/팩,건강마켓,정육/계란,정육
733117,[팔도한우]횡성채끝200g/팩,건강마켓,정육/계란,정육
733118,낙지김치죽(1인분),건강마켓,죽/스프,죽
733119,구운채소&오징어샐러드,건강마켓,샐러드,페스코/비건
733120,해초전복죽(1인분),건강마켓,죽/스프,죽
733121,연자육타락죽(1인분),건강마켓,죽/스프,죽
733122,스파이시쉬림프샐러드(스몰/레귤러),건강마켓,샐러드,단백질
733123,모둠해초볶음,건강마켓,건강반찬,밑반찬
733124,스페인세비체샐러드세트,케어식단,라이트식단,MY
733125,모둠버섯치킨샐러드,건강마켓,샐러드,단백질
733126,흑미시트러스샐러드,건강마켓,샐러드,페스코/비건
733127,구운가자미라타투이세트,케어식단,저당식단,저당식단
733128,연자육소불고기세트,케어식단,저당식단,저당식단
733129,흑마늘찜닭세트,케어식단,저당식단,저당식단
733130,보양추어탕세트,케어식단,웰니스식단,MY
733131,[1Table]한우나주곰탕,건강마켓,1Table,1Table
733132,낙지오징어미나리볶음세트,케어식단,저당식단,저당식단
733133,리코타호박고구마샐러드세트,케어식단,라이트식단,MY
733134,과카몰리씨푸드샐러드,건강마켓,샐러드,350k
733135,율무단호박샐러드,건강마켓,샐러드,웨이트
733136,닭살아보카도콥샐러드세트,케어식단,라이트식단,MY
733137,마늘종포크샐러드,케어식단,라이트식단,MY
733138,소고기숙주부추볶음,건강마켓,건강반찬,메인요리
733139,아라비아따파스타(2인분),건강마켓,스페셜 패키지,스페셜 패키지
733140,[vezzly]비건식빵,건강마켓,베이커리,빵
733141,버섯불고기샐러드세트,케어식단,라이트식단,MY
733142,버섯마늘찜닭세트,케어식단,웰니스식단,MY
733143,버섯소불고기쌈세트,케어식단,웰니스식단,MY
733144,[1Table]봉우리떡갈비,건강마켓,1Table,1Table
733145,용안육백태콩조림,건강마켓,건강반찬,밑반찬
733146,해물두반두부세트,케어식단,웰니스식단,MY
733147,[vezzly]올리브식빵,건강마켓,베이커리,빵
733148,구운가자미라타투이세트,케어식단,저당식단,MY
733149,뿌리채소가자미구이세트,케어식단,웰니스식단,웰니스식단
733150,오리향채소불고기세트,케어식단,웰니스식단,웰니스식단
733151,목이버섯대구찜세트,케어식단,웰니스식단,웰니스식단
733152,새우아보카도샐러드세트,케어식단,라이트식단,라이트식단
733153,모짜렐라루꼴라샐러드세트,케어식단,라이트식단,라이트식단
733154,닭가슴살콥샐러드세트,케어식단,라이트식단,라이트식단
733155,[vezzly]미미카스테라,건강마켓,베이커리,빵
733156,[vezzly]까사테라,건강마켓,베이커리,빵
733157,양배추&우엉스무디,건강마켓,스무디/음료,스무디
733158,흑마늘황기찜닭(2~3인분),건강마켓,건강반찬,메인요리
733159,나물4종샘플러,건강마켓,건강반찬,나물
733160,매콤꾸지뽕닭살볶음세트,케어식단,웰니스식단,MY
733161,비트 생깻잎지,건강마켓,건강반찬,나물
733162,찹스테이크 세트 ,케어식단,저당식단,MY
733163,퀴노아 검은콩 치킨 샐러드 ,케어식단,라이트식단,MY
733164,보양 추어탕 세트,케어식단,웰니스식단,MY
733165,마늘종 포크 샐러드 ,케어식단,라이트식단,MY
733166,소고기 샤브샤브 세트 ,케어식단,저당식단,MY
733167,렌틸콩 견과 샐러드 ,케어식단,라이트식단,MY
733168,공심채 소고기볶음 세트 ,케어식단,저당식단,MY
733169,찹스테이크 세트 ,케어식단,저당식단,저당식단
733170,중국식 궁채 가지볶음,건강마켓,건강반찬,나물
733171,토마토 견과 카레소스,건강마켓,건강반찬,메인요리
733172,숙쌈＆쌈장 2종,건강마켓,건강반찬,나물
733173,마파가지덮밥 세트 ,케어식단,웰니스식단,웰니스식단
733174,춘천식 닭구이 세트 ,케어식단,웰니스식단,웰니스식단
733175,보양 추어탕 세트,케어식단,웰니스식단,웰니스식단
733176,들깨 시래기나물,건강마켓,건강반찬,나물
733177,오야코동 세트,케어식단,웰니스식단,MY
733178,나물 4종 샘플러,건강마켓,건강반찬,나물
733179,두부&포크 소보로 샐러드,케어식단,라이트식단,MY
733180,화이트 라구소스 리가토니,건강마켓,건강반찬,키즈
733181,미트 토마토 파스타,건강마켓,건강반찬,면/파스타
733182,[화식한우] 국거리 200g/팩,건강마켓,정육/계란,정육
733183,루꼴라 바질 냉파스타,건강마켓,건강반찬,면/파스타
733184,흑미 전복 리소토,건강마켓,건강반찬,메인요리
733185,두부&포크 소보로 샐러드,케어식단,라이트식단,라이트식단
733186,리구리아 토마토 파스타 (2인분),건강마켓,스페셜 패키지,스페셜 패키지
733187,건강한 자장소스,건강마켓,건강반찬,메인요리
733188,지중해식 두부&피쉬볼 샐러드 ,케어식단,라이트식단,라이트식단
733189,가자미 버섯레몬 크림소스 ,케어식단,웰니스식단,웰니스식단
733190,오리 맥적구이 세트,케어식단,저당식단,MY
733191,멕시칸 타코 샐러드,아모레 정기식단,뷰티식단,뷰티식단
733192,춘천식 닭구이 세트 ,케어식단,웰니스식단,MY
733193,흑미 시트러스 견과 샐러드 세트 ,케어식단,라이트식단,라이트식단
733194,닭다리살구이,건강마켓,건강반찬,키즈
733195,스윗옥수수 구운채소 샐러드 ,케어식단,라이트식단,MY
733196,스윗옥수수 구운채소 샐러드 ,케어식단,라이트식단,라이트식단
733197,마늘 돼지고기구이 세트,케어식단,웰니스식단,MY
733198,멕시칸풍 타코 샐러드  ,케어식단,라이트식단,라이트식단
733199,초고버섯 매운사태찜 세트 ,케어식단,웰니스식단,MY
733200,마파가지덮밥 세트 ,케어식단,웰니스식단,MY
733201,모짜렐라 토마토스파게티(2인분),건강마켓,건강반찬,키즈
733202,커리 슈퍼곡물 샐러드,아모레 정기식단,뷰티식단,뷰티식단
733203,칼라마리 콜드 샐러드 ,케어식단,라이트식단,라이트식단
733204,콜리플라워 치즈그라탕,건강마켓,건강반찬,밑반찬
733205,소고기 샤브 샐러드,아모레 정기식단,뷰티식단,MY
733206,볶음 쟁반 자장면,건강마켓,건강반찬,면/파스타
733207,[8월] 3days 샐러드 패키지,건강마켓,스페셜 패키지,스페셜 패키지
733208,템페 시트러스 샐러드 ,케어식단,라이트식단,라이트식단
733209,토마토 영양 식단,아모레 정기식단,바이탈식단,MY
733210,해초 식단,아모레 정기식단,미당식단,MY
733211,보양 추어탕 (1인분),건강마켓,건강반찬,메인요리
733212,[라콩비에뜨] 가염버터 15g*10개입,건강마켓,베이커리,잼/버터/치즈
733213,오리엔탈 포크 샐러드,아모레 정기식단,뷰티식단,뷰티식단
733214,타이풍 슈퍼곡물 망고 샐러드 ,케어식단,라이트식단,MY
733215,[8월] 커플 패키지,건강마켓,스페셜 패키지,스페셜 패키지
733216,[라콩비에뜨] 무염버터 15g*10개입,건강마켓,베이커리,잼/버터/치즈
733217,가자미 버섯레몬 크림소스 ,케어식단,웰니스식단,MY
733218,홍시 버섯 소불고기 세트 ,케어식단,웰니스식단,웰니스식단
733219,타이풍 슈퍼곡물 망고 샐러드 ,케어식단,라이트식단,라이트식단
733220,우엉잡채,건강마켓,건강반찬,메인요리
733221,참치 감자 샐러드 ,아모레 정기식단,뷰티식단,뷰티식단
733222,소고기 샤브 샐러드,아모레 정기식단,뷰티식단,뷰티식단
733223,오크라뿌리채소 두부샐러드,아모레 정기식단,뷰티식단,뷰티식단
733224,렌틸콩견과 버터새우샐러드,아모레 정기식단,뷰티식단,뷰티식단
733225,리코타치즈&구운채소 샐러드 ,아모레 정기식단,뷰티식단,뷰티식단
733226,유근피 닭다리백숙 (1인분),건강마켓,건강반찬,메인요리
733227,초고버섯 매운사태찜 세트 ,케어식단,웰니스식단,웰니스식단
733228,궁채나물볶음,건강마켓,건강반찬,나물
733229,그리스풍 닭살 샐러드 ,케어식단,라이트식단,MY
733230,비프&블랙 라이스 샐러드,케어식단,라이트식단,라이트식단
733231,볶음짬뽕,건강마켓,건강반찬,면/파스타
733232,모둠 해초볶음,건강마켓,건강반찬,나물
733233,닭살 아보카도 콥샐러드 세트 ,케어식단,라이트식단,MY
733234,흑미 시트러스 견과 샐러드 세트 ,케어식단,라이트식단,MY
733235,[하이비] 유기농 비폴렌 311g,건강마켓,헬시 그로서리,저염/저당
733236,초고버섯 매운사태찜,건강마켓,건강반찬,메인요리
733237,우엉 고기완자,건강마켓,건강반찬,메인요리
733238,파스타 리코타 샐러드,아모레 정기식단,뷰티식단,뷰티식단
733239,뿌리채소 한우사태찜,건강마켓,연화식,고기
733240,소고기 해장국 (2인분),건강마켓,밥/국,국
733241,소고기 렌틸콩 오크라볶음 세트 ,케어식단,저당식단,MY
733242,까마르그 천일염 125g,건강마켓,소스/소금,소금
733243,더 부드러운 소고기 장조림 ,건강마켓,연화식,고기
733244,제주고사리 햄프씨드볶음 ,건강마켓,건강반찬,나물
733245,오리향신채볶음&흑마늘데리야끼소스,건강마켓,건강반찬,메인요리
733246,흑마늘 데리야끼 소불고기 세트 ,케어식단,저당식단,MY
733247,그리스풍 올리브 닭살 샐러드 ,케어식단,라이트식단,라이트식단
733248,스페인풍 세비체 샐러드 ,케어식단,라이트식단,라이트식단
733249,꿍팟퐁커리 세트,케어식단,웰니스식단,웰니스식단
733250,소고기 렌틸콩 오크라볶음 세트 ,케어식단,저당식단,저당식단
733251,스페인풍 세비체 샐러드 ,케어식단,라이트식단,MY
733252,홍시 버섯불고기 (중/대),건강마켓,건강반찬,키즈
733253,그리스풍 올리브 닭살 샐러드 ,케어식단,라이트식단,MY
733254,순수 어묵볶음 ,건강마켓,건강반찬,키즈
733255,미트볼 파스타 세트 ,케어식단,웰니스식단,MY
733256,리코타&보리순커리,건강마켓,건강반찬,메인요리
733257,홍시 버섯 소불고기 세트 ,케어식단,웰니스식단,MY
733258,오리향신채볶음&흑마늘데리야끼소스,건강마켓,건강반찬,
733259,흑마늘 데리야끼 소불고기 세트 ,케어식단,저당식단,저당식단
733260,대파 듬뿍 두부조림 세트,케어식단,저당식단,MY
733261,낙지 카르파쵸 샐러드 ,케어식단,라이트식단,라이트식단
733262,[8월] 집콕 브런치 패키지,건강마켓,스페셜 패키지,스페셜 패키지
